"","name","mana","atk","life","gain","type","class"
"1","가시덤불 호랑이",5,5,5,NA,"하수인","공통"
"2","가시덩굴 사냥꾼",3,2,3,NA,"하수인","공통"
"3","가젯잔 경매인",6,4,4,NA,"하수인","공통"
"4","가젯잔 귀부인",2,2,2,NA,"하수인","공통"
"5","가죽옷의 멧돼지단 두목",6,6,6,NA,"하수인","공통"
"6","가혹한 하사관",1,1,1,NA,"하수인","공통"
"7","감염된 타우렌",4,2,3,NA,"하수인","공통"
"8","감전된 데빌사우르스",8,7,7,NA,"하수인","공통"
"9","거대한 마스토돈",9,6,10,NA,"하수인","공통"
"10","거대한 칼날잎새",3,4,8,NA,"하수인","공통"
"11","거만한 연기자",2,3,2,NA,"하수인","공통"
"12","거센물결 히드라",5,8,8,NA,"하수인","공통"
"13","걸신들린 수액",3,3,3,NA,"하수인","공통"
"14","검 제작의 대가",2,1,3,NA,"하수인","공통"
"15","검은무쇠 드워프",4,4,4,NA,"하수인","공통"
"16","검은바다 해적",4,2,5,NA,"하수인","공통"
"17","경관 샐리",3,1,1,NA,"하수인","공통"
"18","경매장 지배인 비어도",3,3,4,NA,"하수인","공통"
"19","고대의 감시자",2,4,5,NA,"하수인","공통"
"20","고대의 마법사",4,2,5,NA,"하수인","공통"
"21","고대의 선구자",6,4,6,NA,"하수인","공통"
"22","고대의 양조사",4,5,4,NA,"하수인","공통"
"23","고대의 존재의 피",9,9,9,NA,"하수인","공통"
"24","고룡 독서가",6,4,6,NA,"하수인","공통"
"25","고용된 싸움꾼",3,4,3,NA,"하수인","공통"
"26","고통의 수행사제",3,1,3,NA,"하수인","공통"
"27","골락카 거대게",2,2,3,NA,"하수인","공통"
"28","골짜기의 폭군 무클라",6,5,5,NA,"하수인","공통"
"29","공격대장",3,2,2,NA,"하수인","공통"
"30","공작 말체자르",5,5,6,NA,"하수인","공통"
"31","공작 발리나르",4,4,4,NA,"하수인","공통"
"32","공작 켈레세스",2,2,2,NA,"하수인","공통"
"33","공작 탈다람",3,3,3,NA,"하수인","공통"
"34","공포의 안개도깨비",4,3,3,NA,"하수인","공통"
"35","공포의 해적",4,3,3,NA,"하수인","공통"
"36","광기로봇",5,3,4,NA,"하수인","공통"
"37","광기의 연금술사",2,2,2,NA,"하수인","공통"
"38","광기의 화염술사",2,3,2,NA,"하수인","공통"
"39","광포한 늑대 우두머리",2,2,2,NA,"하수인","공통"
"40","괴물",8,6,7,NA,"하수인","공통"
"41","괴상한 약제사",4,4,4,NA,"하수인","공통"
"42","괴수",6,9,7,NA,"하수인","공통"
"43","구루바시 광전사",5,2,7,NA,"하수인","공통"
"44","굶주린 게",1,1,2,NA,"하수인","공통"
"45","굶주린 식인 구울",3,2,3,NA,"하수인","공통"
"46","그룰",8,7,7,NA,"하수인","공통"
"47","기계용 정비사",4,2,4,NA,"하수인","공통"
"48","기괴한 공포",8,6,10,NA,"하수인","공통"
"49","기괴한 용매",7,5,5,NA,"하수인","공통"
"50","길거리 요술쟁이",3,0,7,NA,"하수인","공통"
"51","꽃의 고대정령",6,3,8,NA,"하수인","공통"
"52","나 이런 사냥꾼이야",5,4,2,NA,"하수인","공통"
"53","나가 바다약탈자",4,5,4,NA,"하수인","공통"
"54","날뛰는 코도",5,3,5,NA,"하수인","공통"
"55","남작 게돈",7,7,5,NA,"하수인","공통"
"56","남쪽바다 갑판원",1,2,1,NA,"하수인","공통"
"57","남쪽바다 선장",3,3,3,NA,"하수인","공통"
"58","네트 페이글",2,0,4,NA,"하수인","공통"
"59","냉기 정령",6,5,5,NA,"하수인","공통"
"60","네루비안 예언자",6,4,4,NA,"하수인","공통"
"61","네루비안 해결자",6,5,5,NA,"하수인","공통"
"62","노움 발명가",4,2,4,NA,"하수인","공통"
"63","노움 자동경보기",3,0,3,NA,"하수인","공통"
"64","노즈도르무",9,8,8,NA,"하수인","공통"
"65","누더기골렘",5,4,4,NA,"하수인","공통"
"66","눈발바닥 펭귄",0,1,1,NA,"하수인","공통"
"67","느조스 촉수",1,1,1,NA,"하수인","공통"
"68","느조스의 피조물",3,2,2,NA,"하수인","공통"
"69","늑대기수",3,3,1,NA,"하수인","공통"
"70","늑대인간 침투요원",1,2,1,NA,"하수인","공통"
"71","늑대인간 폭주족",4,6,3,NA,"하수인","공통"
"72","늪지이끼괴물",7,6,8,NA,"하수인","공통"
"73","단검 곡예사",2,2,2,NA,"하수인","공통"
"74","달라란 마법사",3,1,4,NA,"하수인","공통"
"75","대담한 기자",4,3,3,NA,"하수인","공통"
"76","대마법사",6,4,7,NA,"하수인","공통"
"77","대지 고리회 선견자",3,3,3,NA,"하수인","공통"
"78","덜떨어진 투사",5,4,5,NA,"하수인","공통"
"79","데빌사우루스 알",3,0,3,NA,"하수인","공통"
"80","데스윙",10,12,12,NA,"하수인","공통"
"81","데피아즈단 청부업자",6,5,7,NA,"하수인","공통"
"82","독침아가미 저격수",2,2,1,NA,"하수인","공통"
"83","돌엄니멧돼지",1,1,1,NA,"하수인","공통"
"84","돌주먹 오우거",6,6,7,NA,"하수인","공통"
"85","동물원로봇",3,3,3,NA,"하수인","공통"
"86","두목 한초",7,5,6,NA,"하수인","공통"
"87","둥지를 튼 로크",5,4,7,NA,"하수인","공통"
"88","뒤틀린 늑대인간",2,3,1,NA,"하수인","공통"
"89","뒷골목 오염된 노움",3,3,1,NA,"하수인","공통"
"90","드라카리 마법부여사",3,1,5,NA,"하수인","공통"
"91","들창코",6,4,4,NA,"하수인","공통"
"92","땅굴 족제비",1,1,1,NA,"하수인","공통"
"93","뛰어난 수사관",5,4,6,NA,"하수인","공통"
"94","라벤홀트 암살자",7,7,5,NA,"하수인","공통"
"95","래시온",6,4,5,NA,"하수인","공통"
"96","룬이 새겨진 알",1,0,2,NA,"하수인","공통"
"97","리로이 젠킨스",5,6,2,NA,"하수인","공통"
"98","리치 왕",8,8,8,NA,"하수인","공통"
"99","마나 망령",2,2,2,NA,"하수인","공통"
"100","마나 중독자",2,1,3,NA,"하수인","공통"
"101","마님 고야",6,4,3,NA,"하수인","공통"
"102","말리고스",9,4,12,NA,"하수인","공통"
"103","맹독비늘 바다사냥꾼",2,2,1,NA,"하수인","공통"
"104","맹독술사",5,2,5,NA,"하수인","공통"
"105","멀록 바다사냥꾼",2,2,1,NA,"하수인","공통"
"106","멀록 약탈꾼",1,2,1,NA,"하수인","공통"
"107","멀록 전투대장",3,3,3,NA,"하수인","공통"
"108","멀록 파도술사",1,1,2,NA,"하수인","공통"
"109","멍서스",4,2,2,NA,"하수인","공통"
"110","맷돼지단 돌격수",5,5,5,NA,"하수인","공통"
"111","모구샨 감시자",4,1,7,NA,"하수인","공통"
"112","모로스",3,1,1,NA,"하수인","공통"
"113","못 말리는 로켓병",6,5,2,NA,"하수인","공통"
"114","무너진 태양 성직자",3,3,2,NA,"하수인","공통"
"115","무덤 잠복꾼",5,5,3,NA,"하수인","공통"
"116","무덤괴물",4,4,4,NA,"하수인","공통"
"117","무법항 경호원",5,5,4,NA,"하수인","공통"
"118","무쇠가죽 불곰",3,3,3,NA,"하수인","공통"
"119","무쇠부리 올빼미",3,2,1,NA,"하수인","공통"
"120","민물악어",2,2,3,NA,"하수인","공통"
"121","밀림 사냥꾼 헤멧",6,6,6,NA,"하수인","공통"
"122","밀림 표범",3,4,2,NA,"하수인","공통"
"123","밀림의 왕 무클라",3,5,5,NA,"하수인","공통"
"124","밀하우스 마나스톰",2,4,4,NA,"하수인","공통"
"125","바다거인",10,8,8,NA,"하수인","공통"
"126","바위언덕 수호병",3,1,4,NA,"하수인","공통"
"127","바위웅덩이 사냥꾼",2,2,3,NA,"하수인","공통"
"128","박물관 마술사",5,4,4,NA,"하수인","공통"
"129","반딧불 정령",1,1,2,NA,"하수인","공통"
"130","반즈",4,3,4,NA,"하수인","공통"
"131","밤의 울음꾼",4,3,4,NA,"하수인","공통"
"132","방패병",1,0,4,NA,"하수인","공통"
"133","배부른 트레샤돈",7,5,7,NA,"하수인","공통"
"134","범죄계 거물",6,1,1,NA,"하수인","공통"
"135","변신수 제루스",1,1,1,NA,"하수인","공통"
"136","변종 광전사",4,3,5,NA,"하수인","공통"
"137","보랏빛 여교사",4,3,5,NA,"하수인","공통"
"138","부두교 의술사",1,2,1,NA,"하수인","공통"
"139","부상당한 검귀",3,4,7,NA,"하수인","공통"
"140","부엉이 파수꾼",5,3,6,NA,"하수인","공통"
"141","분신수",5,2,2,NA,"하수인","공통"
"142","불길소환사",7,6,6,NA,"하수인","공통"
"143","불길의 불사조",4,3,3,NA,"하수인","공통"
"144","불안정한 정령",2,1,1,NA,"하수인","공통"
"145","붉은 마나 지룡",5,2,6,NA,"하수인","공통"
"146","붉은늪지랩터",2,3,2,NA,"하수인","공통"
"147","붉은십자군 성전사",3,3,1,NA,"하수인","공통"
"148","붉은해적단 바다사냥꾼",1,1,2,NA,"하수인","공통"
"149","붉은해적단 약탈자",2,2,3,NA,"하수인","공통"
"150","브리구울",3,3,1,NA,"하수인","공통"
"151","비겁한 밀고자",2,2,6,NA,"하수인","공통"
"152","비늘 덮인 악몽",6,2,8,NA,"하수인","공통"
"153","비밀결사 급사",3,2,2,NA,"하수인","공통"
"154","비밀결사 약제사",4,3,3,NA,"하수인","공통"
"155","비밀을 삼키는 자",4,2,4,NA,"하수인","공통"
"156","비밀지기",1,1,2,NA,"하수인","공통"
"157","비성 핀자",5,2,4,NA,"하수인","공통"
"158","비전 거인",12,8,8,NA,"하수인","공통"
"159","비전 골렘",3,4,4,NA,"하수인","공통"
"160","비전 변형물",1,2,1,NA,"하수인","공통"
"161","비전장인",4,3,2,NA,"하수인","공통"
"162","비취 연꽃 요원",5,5,3,NA,"하수인","공통"
"163","비취 정령",4,2,3,NA,"하수인","공통"
"164","빙하의 정령",1,2,1,NA,"하수인","공통"
"165","빛의 감시자",1,1,2,NA,"하수인","공통"
"166","사로나이트 광산노예",4,2,3,NA,"하수인","공통"
"167","사악한 해골",4,1,1,NA,"하수인","공통"
"168","산성 늪수액괴물",2,3,2,NA,"하수인","공통"
"169","산악 거인",12,8,8,NA,"하수인","공통"
"170","살아남은 파멸의 예언자",5,0,7,NA,"하수인","공통"
"171","상어 겐조",4,5,4,NA,"하수인","공통"
"172","새끼 테러닥스",3,2,2,NA,"하수인","공통"
"173","서리늑대 그런트",2,2,2,NA,"하수인","공통"
"174","서리늑대 전쟁군주",5,4,4,NA,"하수인","공통"
"175","서리바람 설인",4,4,5,NA,"하수인","공통"
"176","서슬니 호랑이",6,8,2,NA,"하수인","공통"
"177","선장 그린스킨",5,5,4,NA,"하수인","공통"
"178","성난바람 하피",6,4,5,NA,"하수인","공통"
"179","성난비늘 수련사",1,1,1,NA,"하수인","공통"
"180","성난태양 파수병",2,2,3,NA,"하수인","공통"
"181","센진 방패대가",4,3,5,NA,"하수인","공통"
"182","수렁이끼괴물",5,3,6,NA,"하수인","공통"
"183","수석땜장이 오버스파크",3,3,3,NA,"하수인","공통"
"184","수호자 메디브",8,7,7,NA,"하수인","공통"
"185","스랄마 선경자",3,2,3,NA,"하수인","공통"
"186","스멀거리는 촉수",3,2,4,NA,"하수인","공통"
"187","스케람 이교도",6,7,6,NA,"하수인","공통"
"188","스테고돈",4,2,6,NA,"하수인","공통"
"189","스톰윈드 기사",4,2,5,NA,"하수인","공통"
"190","스톰윈드 용사",7,6,6,NA,"하수인","공통"
"191","스톰파이크 특공대",5,4,2,NA,"하수인","공통"
"192","시린빛 예언자",3,2,3,NA,"하수인","공통"
"193","시린빛 점쟁이",3,2,2,NA,"하수인","공통"
"194","시장 노겐포저",9,5,4,NA,"하수인","공통"
"195","시체 수레",4,1,4,NA,"하수인","공통"
"196","시체생환사",5,3,3,NA,"하수인","공통"
"197","시체수집가",4,3,3,NA,"하수인","공통"
"198","식당 거미",3,1,3,NA,"하수인","공통"
"199","신참 해적단원",1,1,1,NA,"하수인","공통"
"200","실버문 수호병",4,3,3,NA,"하수인","공통"
"201","실성한 신봉자",5,3,6,NA,"하수인","공통"
"202","심장부 사냥개",7,9,5,NA,"하수인","공통"
"203","쌍둥이 제왕 베클로어",7,4,6,NA,"하수인","공통"
"204","아르거스의 수호자",4,2,3,NA,"하수인","공통"
"205","아마니 광전사",2,2,3,NA,"하수인","공통"
"206","아이야 블랙포우",6,5,3,NA,"하수인","공통"
"207","아이언포지 소총병",3,2,2,NA,"하수인","공통"
"208","아장아장거리는 해골",4,2,2,NA,"하수인","공통"
"209","아케루스 정예병",1,2,1,NA,"하수인","공통"
"210","악의 신도",2,2,3,NA,"하수인","공통"
"211","알렉스트라자",9,8,8,NA,"하수인","공통"
"212","알서리꾼",3,3,1,NA,"하수인","공통"
"213","암용 광전사",3,1,5,NA,"하수인","공통"
"214","암흑칼날",5,4,4,NA,"하수인","공통"
"215","얕은 무덤 도굴꾼",3,3,1,NA,"하수인","공통"
"216","어둠비늘 치유사",5,4,5,NA,"하수인","공통"
"217","어둠예언자",5,3,6,NA,"하수인","공통"
"218","어둠의 낚시꾼 내트",2,2,4,NA,"하수인","공통"
"219","어린 라바사우루스",2,2,2,NA,"하수인","공통"
"220","어린 용매",1,1,1,NA,"하수인","공통"
"221","얼굴 없는 괴수",10,10,10,NA,"하수인","공통"
"222","얼굴 없는 배후자",5,3,3,NA,"하수인","공통"
"223","얼굴 없는 불가사의",4,1,1,NA,"하수인","공통"
"224","얼어붙은 분쇄자",6,8,8,NA,"하수인","공통"
"225","엄습하는 외눈깨비",6,4,6,NA,"하수인","공통"
"226","에메랄드 둥지 여왕",1,2,3,NA,"하수인","공통"
"227","에메랄드 약탈자",1,2,1,NA,"하수인","공통"
"228","엘룬의 여사제",6,5,4,NA,"하수인","공통"
"229","엘윈의 파멸 들창코",7,6,6,NA,"하수인","공통"
"230","엘프 궁수",1,1,1,NA,"하수인","공통"
"231","열성적인 수습생",1,1,1,NA,"하수인","공통"
"232","열의에 찬 정찰대원",4,3,4,NA,"하수인","공통"
"233","영혼노래꾼 움브라",4,3,4,NA,"하수인","공통"
"234","오닉시아",9,8,8,NA,"하수인","공통"
"235","오아시스 무쇠턱거북",4,2,7,NA,"하수인","공통"
"236","오염된 노움",1,1,1,NA,"하수인","공통"
"237","오염된 수집가",4,4,2,NA,"하수인","공통"
"238","오우거 마법사",4,4,4,NA,"하수인","공통"
"239","오작동하는 치유로봇",5,6,6,NA,"하수인","공통"
"240","오즈룩",9,5,5,NA,"하수인","공통"
"241","온순한 메가사우루스",4,5,4,NA,"하수인","공통"
"242","완강한 복족이",2,1,2,NA,"하수인","공통"
"243","요정용",2,3,2,NA,"하수인","공통"
"244","용광로화염 거수",6,6,6,NA,"하수인","공통"
"245","용암 거인",25,8,8,NA,"하수인","공통"
"246","용암 광전사",3,5,1,NA,"하수인","공통"
"247","용족의 군주 데스윙",10,12,12,NA,"하수인","공통"
"248","우끼권의 대가",5,3,5,NA,"하수인","공통"
"249","우두머리 실리시드",3,3,5,NA,"하수인","공통"
"250","울트라사우루스",10,7,14,NA,"하수인","공통"
"251","원시지느러미 망꾼",3,3,2,NA,"하수인","공통"
"252","원정대장 엘리스",5,5,5,NA,"하수인","공통"
"253","원한 맺힌 대장장이",5,4,6,NA,"하수인","공통"
"254","위습",0,1,1,NA,"하수인","공통"
"255","유령 약탈자",4,3,3,NA,"하수인","공통"
"256","은빛 성기사단 기사",5,4,4,NA,"하수인","공통"
"257","은빛십자군 부대장",6,4,2,NA,"하수인","공통"
"258","은빛십자군 종자",1,1,1,NA,"하수인","공통"
"259","은빛털고릴라 우두머리",3,1,4,NA,"하수인","공통"
"260","음산한 강령술사",4,2,4,NA,"하수인","공통"
"261","음험한 소고스",9,5,9,NA,"하수인","공통"
"262","이교도 약제사",5,4,4,NA,"하수인","공통"
"263","이교도 지도자",4,4,2,NA,"하수인","공통"
"264","이세라",9,4,12,NA,"하수인","공통"
"265","일리단 스톰레이지",6,7,5,NA,"하수인","공통"
"266","임프 소환사",3,1,5,NA,"하수인","공통"
"267","자그마한 소환사",2,2,2,NA,"하수인","공통"
"268","잿멍울 괴물",3,1,5,NA,"하수인","공통"
"269","전리품 수집가",2,2,1,NA,"하수인","공통"
"270","전승지기 초",2,0,4,NA,"하수인","공통"
"271","전시관리인",7,4,6,NA,"하수인","공통"
"272","전쟁 골렘",7,7,7,NA,"하수인","공통"
"273","젊은 양조사",2,3,2,NA,"하수인","공통"
"274","젊은 여사제",1,2,1,NA,"하수인","공통"
"275","정신 나간 폭격수",2,3,2,NA,"하수인","공통"
"276","정신 지배 기술자",3,3,3,NA,"하수인","공통"
"277","정신파괴자",3,2,5,NA,"하수인","공통"
"278","주문직공",6,4,4,NA,"하수인","공통"
"279","주문파괴자",4,4,3,NA,"하수인","공통"
"280","죽음도끼 응징자",4,3,3,NA,"하수인","공통"
"281","죽음비늘 기사",1,1,1,NA,"하수인","공통"
"282","죽음예언자",3,2,4,NA,"하수인","공통"
"283","지옥 오크 영혼마귀",3,3,7,NA,"하수인","공통"
"284","진화한 코볼트",4,2,2,NA,"하수인","공통"
"285","째깍거리는 누더기 골렘",4,5,6,NA,"하수인","공통"
"286","천둥도마뱀",3,3,3,NA,"하수인","공통"
"287","친근한 바텐더",2,2,3,NA,"하수인","공통"
"288","카자쿠스",4,3,3,NA,"하수인","공통"
"289","칼리모스의 시종",5,4,5,NA,"하수인","공통"
"290","커다란 말벌",3,2,2,NA,"하수인","공통"
"291","케른 블러드후프",6,4,5,NA,"하수인","공통"
"292","코볼트 흙점쟁이",2,2,2,NA,"하수인","공통"
"293","퀘스트 중인 모험가",3,2,2,NA,"하수인","공통"
"294","크툰",10,6,6,NA,"하수인","공통"
"295","크툰의 사도",3,2,1,NA,"하수인","공통"
"296","크툰의 추종자",4,4,2,NA,"하수인","공통"
"297","타나리스 맷돼지단원",4,4,4,NA,"하수인","공통"
"298","타락자 느조스",10,5,7,NA,"하수인","공통"
"299","타락한 광신도",2,1,1,NA,"하수인","공통"
"300","타락한 예언자",6,2,3,NA,"하수인","공통"
"301","타락한 태양 성직자",2,2,1,NA,"하수인","공통"
"302","타우렌 전사",3,2,3,NA,"하수인","공통"
"303","탐욕스러운 회계사",3,1,1,NA,"하수인","공통"
"304","태고의 비룡",8,4,8,NA,"하수인","공통"
"305","태양길잡이",6,4,5,NA,"하수인","공통"
"306","태양의 자식 발키르",5,5,4,NA,"하수인","공통"
"307","태엽돌이 강도로봇",6,5,5,NA,"하수인","공통"
"308","토르톨란 원시술사",8,5,4,NA,"하수인","공통"
"309","톨비르 바위세공사",4,3,5,NA,"하수인","공통"
"310","통곡하는 밴시",4,5,5,NA,"하수인","공통"
"311","투기장 전투 주최자",6,4,4,NA,"하수인","공통"
"312","투기장의 제왕",6,6,5,NA,"하수인","공통"
"313","투스카르 낚시꾼",2,2,3,NA,"하수인","공통"
"314","투자개발회사 용병",5,7,6,NA,"하수인","공통"
"315","트로그 절도범",5,4,6,NA,"하수인","공통"
"316","파괴전차",3,1,4,NA,"하수인","공통"
"317","파멸의 사절",8,7,9,NA,"하수인","공통"
"318","파멸의 예언자",2,0,7,NA,"하수인","공통"
"319","폭식초",4,3,3,NA,"하수인","공통"
"320","폭탄 분대",5,2,2,NA,"하수인","공통"
"321","폭풍감시자",7,4,8,NA,"하수인","공통"
"322","푸른비늘혈족 맹독전사",5,5,5,NA,"하수인","공통"
"323","푸른아가미 전사",2,2,1,NA,"하수인","공통"
"324","풋내기 기술자",2,1,1,NA,"하수인","공통"
"325","피구더기",5,4,4,NA,"하수인","공통"
"326","하수구 독성 수액",3,4,3,NA,"하수인","공통"
"327","한밤의 비룡",4,1,4,NA,"하수인","공통"
"328","해골 비룡",6,6,5,NA,"하수인","공통"
"329","해골마",7,5,5,NA,"하수인","공통"
"330","해골술사",5,2,2,NA,"하수인","공통"
"331","해리슨 존스",5,5,4,NA,"하수인","공통"
"332","해방된 분노 이샤라즈",10,10,10,NA,"하수인","공통"
"333","해자 잠복꾼",6,3,3,NA,"하수인","공통"
"334","해적 패치스",1,1,1,NA,"하수인","공통"
"335","행복한 구울",3,3,3,NA,"하수인","공통"
"336","허수아비골렘",3,2,3,NA,"하수인","공통"
"337","험상궂은 문지기",4,4,4,NA,"하수인","공통"
"338","험악한 거리 밀수업자",3,2,4,NA,"하수인","공통"
"339","험악한 거리 정보통",2,1,1,NA,"하수인","공통"
"340","혈기사",3,3,3,NA,"하수인","공통"
"341","혈법사 탈노스",2,1,1,NA,"하수인","공통"
"342","호젠 치유사",4,2,6,NA,"하수인","공통"
"343","혼합물 전문가",1,2,2,NA,"하수인","공통"
"344","화난 닭",1,1,1,NA,"하수인","공통"
"345","화산사우루스",7,5,6,NA,"하수인","공통"
"346","화성암 정령",3,2,3,NA,"하수인","공통"
"347","황금골 보병",1,1,2,NA,"하수인","공통"
"348","황제 코브라",3,2,3,NA,"하수인","공통"
"349","황천의 원령 역사가",2,1,3,NA,"하수인","공통"
"350","황혼멧돼지",2,4,1,NA,"하수인","공통"
"351","황혼의 비룡",4,4,1,NA,"하수인","공통"
"352","황혼의 소환사",4,1,1,NA,"하수인","공통"
"353","황혼의 장로",3,3,4,NA,"하수인","공통"
"354","황환의 풍수사",2,1,4,NA,"하수인","공통"
"355","흉측한 농사꾼",1,1,1,NA,"하수인","공통"
"356","흉포한 늑대인간",3,3,3,NA,"하수인","공통"
"357","흉포한 어린 테러닥스",3,3,3,NA,"하수인","공통"
"358","흑기사",6,4,5,NA,"하수인","공통"
"359","희망의 끝 요그사론",10,7,5,NA,"하수인","공통"
"360","힐드니르 서리기수",3,4,4,NA,"하수인","공통"
"361","갑작스러운 기원",5,NA,NA,NA,"주문","전사"
"362","강화!",1,NA,NA,NA,"주문","전사"
"363","거품 무는 광전사",3,2,4,NA,"하수인","전사"
"364","격돌",2,NA,NA,NA,"주문","전사"
"365","고대의 방패병",7,6,6,NA,"하수인","전사"
"366","관선 변호인",2,0,7,NA,"하수인","전사"
"367","광란",2,NA,NA,NA,"주문","전사"
"368","궁지에 몰린 보초",2,2,6,NA,"하수인","전사"
"369","그롬마쉬 헬스크림",8,4,9,NA,"하수인","전사"
"370","난투",5,NA,NA,NA,"주문","전사"
"371","날뛰는 구울",3,3,3,NA,"하수인","전사"
"372","내면의 분노",0,NA,NA,NA,"주문","전사"
"373","녹아내린 칼날",1,1,1,NA,"하수인","전사"
"374","느조스의 일등항해사",1,1,1,NA,"하수인","전사"
"375","덤벼라!",2,NA,NA,NA,"주문","전사"
"376","도난당한 물품",2,NA,NA,NA,"주문","전사"
"377","돌진",3,NA,NA,NA,"주문","전사"
"378","뒷골목 방어구 제작자",5,2,7,NA,"하수인","전사"
"379","마무리 일격",2,NA,NA,NA,"주문","전사"
"380","말코록",7,6,5,NA,"하수인","전사"
"381","망자의 손패",2,NA,NA,NA,"주문","전사"
"382","무쇠 살갗",1,NA,NA,NA,"주문","전사"
"383","물고기 밥이나 되라고",2,NA,NA,NA,"주문","전사"
"384","바보의 파멸",5,3,4,NA,"하수인","전사"
"385","발키르 영혼강탈자",3,1,4,NA,"하수인","전사"
"386","방어구 제작자",2,1,4,NA,"하수인","전사"
"387","방패 막기",3,NA,NA,NA,"주문","전사"
"388","방패 밀쳐내기",1,NA,NA,NA,"주문","전사"
"389","불길의 심장",1,NA,NA,NA,"주문","전사"
"390","붉은해적단 이교도",3,3,4,NA,"하수인","전사"
"391","블러드후프 용사",4,2,6,NA,"하수인","전사"
"392","뻗어나온 촉수",5,2,2,NA,"하수인","전사"
"393","산불의 방어구",3,4,3,NA,"하수인","전사"
"394","살아 움직이는 광전사",1,1,3,NA,"하수인","전사"
"395","새끼 공포뿔",5,3,6,NA,"하수인","전사"
"396","성난 공포뿔",6,5,5,NA,"하수인","전사"
"397","소용돌이",1,NA,NA,NA,"주문","전사"
"398","스컬지군주 가로쉬",8,NA,5,NA,"주문","전사"
"399","썩은얼굴",8,4,6,NA,"하수인","전사"
"400","아라시 무기제작자",4,3,3,NA,"하수인","전사"
"401","아이언포지 차원문",5,NA,NA,NA,"주문","전사"
"402","아케이나이트 도끼",5,5,2,NA,"하수인","전사"
"403","영웅의 일격",2,NA,NA,NA,"주문","전사"
"404","영혼의 제련소",2,NA,NA,NA,"주문","전사"
"405","왕을 지켜라!",3,NA,NA,NA,"주문","전사"
"406","운고로 탐험",2,NA,NA,NA,"주문","전사"
"407","이글거리는 전쟁 도끼",3,3,2,NA,"하수인","전사"
"408","일거리가 있다던데",1,NA,NA,NA,"주문","전사"
"409","잔인한 감독관",2,2,2,NA,"하수인","전사"
"410","잿멍울 군주",7,1,11,NA,"하수인","전사"
"411","전쟁노래 사령관",3,2,3,NA,"하수인","전사"
"412","전투 격노",2,NA,NA,NA,"주문","전사"
"413","죽음의 망령",5,3,3,NA,"하수인","전사"
"414","지휘의 외침",2,NA,NA,NA,"주문","전사"
"415","코르크론 정예병",4,4,3,NA,"하수인","전사"
"416","폭군 모쉬",9,9,7,NA,"하수인","전사"
"417","피에서 수액을",1,NA,NA,NA,"주문","전사"
"418","피의 울음소리",7,7,1,NA,"하수인","전사"
"419","피의 전사들",3,NA,NA,NA,"주문","전사"
"420","피의 칼날",4,2,2,NA,"하수인","전사"
"421","필사의 일격",4,NA,NA,NA,"주문","전사"
"422","험악한 거리 전당포 주인",3,3,3,NA,"하수인","전사"
"423","험악한 기계공",4,4,3,NA,"하수인","전사"
"424","호바트 그래플해머",2,2,2,NA,"하수인","전사"
"425","황동 너클",4,2,3,NA,"하수인","전사"
"426","회전베기",2,NA,NA,NA,"주문","전사"
"427","갈래 번개",1,NA,NA,NA,"주문","주술사"
"428","고대의 영혼",2,NA,NA,NA,"주문","주술사"
"429","굽이치는 파도",4,NA,NA,NA,"주문","주술사"
"430","급속 빙결",2,NA,NA,NA,"주문","주술사"
"431","냉기 충격",1,NA,NA,NA,"주문","주술사"
"432","눈덩이 거인",11,8,8,NA,"하수인","주술사"
"433","눈사태",4,NA,NA,NA,"주문","주술사"
"434","대지 충격",1,NA,NA,NA,"주문","주술사"
"435","대지의 무기",2,NA,NA,NA,"주문","주술사"
"436","대지의 정령",5,7,8,NA,"하수인","주술사"
"437","둠해머",5,2,8,NA,"하수인","주술사"
"438","드라카리 수호병",3,2,8,NA,"하수인","주술사"
"439","마나 해일 토템",3,0,3,NA,"하수인","주술사"
"440","먼지 악령",1,3,1,NA,"하수인","주술사"
"441","멀록 집결",1,NA,NA,NA,"주문","주술사"
"442","멀록단 출동",4,NA,NA,NA,"주문","주술사"
"443","무라비",6,4,4,NA,"하수인","주술사"
"444","바람 정령",1,2,1,NA,"하수인","주술사"
"445","바람예언자",4,3,3,NA,"하수인","주술사"
"446","바람의 군주 알아키르",8,3,5,NA,"하수인","주술사"
"447","바위 파수병",7,4,4,NA,"하수인","주술사"
"448","백안",5,5,5,NA,"하수인","주술사"
"449","번개 폭풍",3,NA,NA,NA,"주문","주술사"
"450","번개 화살",1,NA,NA,NA,"주문","주술사"
"451","벼락",2,NA,NA,NA,"주문","주술사"
"452","부두교 사술사",5,2,7,NA,"하수인","주술사"
"453","불길의 선구자",2,1,1,NA,"하수인","주술사"
"454","불꽃의 토템",2,0,3,NA,"하수인","주술사"
"455","불의 정령",6,6,5,NA,"하수인","주술사"
"456","비취 발톱",2,2,2,NA,"하수인","주술사"
"457","비취 번개",4,NA,NA,NA,"주문","주술사"
"458","비취 족장",7,5,5,NA,"하수인","주술사"
"459","사령술사 스랄",5,NA,5,NA,"주문","주술사"
"460","사술",4,NA,NA,NA,"주문","주술사"
"461","사악한 마녀",4,3,4,NA,"하수인","주술사"
"462","선인의 치유력",0,NA,NA,NA,"주문","주술사"
"463","속박 풀린 정령",3,2,4,NA,"하수인","주술사"
"464","승천한 할라질",5,4,6,NA,"하수인","주술사"
"465","심연의 괴수",6,5,5,NA,"하수인","주술사"
"466","야수 정령",3,NA,NA,NA,"주문","주술사"
"467","얼굴 없는 화염투사",4,7,7,NA,"하수인","주술사"
"468","얼록",2,2,2,NA,"하수인","주술사"
"469","얼음 낚시",2,NA,NA,NA,"주문","주술사"
"470","얼음 파괴자",3,1,3,NA,"하수인","주술사"
"471","연꽃 환영술사",4,3,5,NA,"하수인","주술사"
"472","영원한 감시자",2,3,2,NA,"하수인","주술사"
"473","영혼 발톱",2,1,3,NA,"하수인","주술사"
"474","영혼의 메아리",3,NA,NA,NA,"주문","주술사"
"475","온천의 수호정령",3,2,4,NA,"하수인","주술사"
"476","용암 폭발",3,NA,NA,NA,"주문","주술사"
"477","원시 군주 칼리모스",8,7,7,NA,"하수인","주술사"
"478","원시의 힘",1,NA,NA,NA,"주문","주술사"
"479","원시지느러미 토템",2,0,3,NA,"하수인","주술사"
"480","이건 내 거야!",1,NA,NA,NA,"주문","주술사"
"481","진위 물예언자",4,3,6,NA,"하수인","주술사"
"482","진화",1,NA,NA,NA,"주문","주술사"
"483","진화의 대가",4,4,5,NA,"하수인","주술사"
"484","질풍",2,NA,NA,NA,"주문","주술사"
"485","천리안",3,NA,NA,NA,"주문","주술사"
"486","토템의 힘",0,NA,NA,NA,"주문","주술사"
"487","퇴화",2,NA,NA,NA,"주문","주술사"
"488","폭풍으로 벼려낸 도끼",2,2,3,NA,"하수인","주술사"
"489","피의 욕망",5,NA,NA,NA,"주문","주술사"
"490","혼돈의 소용돌이 차원문",2,NA,NA,NA,"주문","주술사"
"491","화산",5,NA,NA,NA,"주문","주술사"
"492","황혼의 망치",5,4,2,NA,"하수인","주술사"
"493","SI:7 요원",3,3,3,NA,"하수인","도적"
"494","가젯잔 뱃사공",2,2,3,NA,"하수인","도적"
"495","그림자 밟기",0,NA,NA,NA,"주문","도적"
"496","그림자 사부",4,4,4,NA,"하수인","도적"
"497","그림자 일격",3,NA,NA,NA,"주문","도적"
"498","그림자술사",5,4,4,NA,"하수인","도적"
"499","그림자칼날",3,3,2,NA,"하수인","도적"
"500","기습",0,NA,NA,NA,"주문","도적"
"501","남쪽바다 촉수얼굴",4,4,4,NA,"하수인","도적"
"502","납치범",6,5,3,NA,"하수인","도적"
"503","냉혈",1,NA,NA,NA,"주문","도적"
"504","단검의 대가",2,NA,NA,NA,"주문","도적"
"505","데피아즈단 두목",2,2,2,NA,"하수인","도적"
"506","독살",3,NA,NA,NA,"주문","도적"
"507","독칼",2,NA,NA,NA,"주문","도적"
"508","독한 마음의 자릴",4,3,2,NA,"하수인","도적"
"509","룬가열로 외눈깨비",4,5,3,NA,"하수인","도적"
"510","릴리안 보스",4,4,5,NA,"하수인","도적"
"511","마음가짐",0,NA,NA,NA,"주문","도적"
"512","맹독",1,NA,NA,NA,"주문","도적"
"513","머리 후려치기",3,NA,NA,NA,"주문","도적"
"514","배신",2,NA,NA,NA,"주문","도적"
"515","복덩이 찾는 해적단원",6,5,5,NA,"하수인","도적"
"516","부셔메랑",1,NA,NA,NA,"주문","도적"
"517","비취 무리전사",2,1,1,NA,"하수인","도적"
"518","비취 수리검",2,NA,NA,NA,"주문","도적"
"519","뼈개걸윷모",2,NA,NA,NA,"주문","도적"
"520","뼈다귀 남작",5,5,5,NA,"하수인","도적"
"521","사악한 일격",1,NA,NA,NA,"주문","도적"
"522","소멸",6,NA,NA,NA,"주문","도적"
"523","수집가 샤쿠",3,2,3,NA,"하수인","도적"
"524","시체꽃 셰라진",4,5,3,NA,"하수인","도적"
"525","심연 속으로",1,NA,NA,NA,"주문","도적"
"526","썩은가시 식인꽃",5,3,4,NA,"하수인","도적"
"527","암살",5,NA,NA,NA,"주문","도적"
"528","암살자의 검",5,3,4,NA,"하수인","도적"
"529","야금풀",2,1,1,NA,"하수인","도적"
"530","어둠 광전사",3,5,1,NA,"하수인","도적"
"531","언더시티 상인",2,2,2,NA,"하수인","도적"
"532","엉겅퀴 차",6,NA,NA,NA,"주문","도적"
"533","에드윈 밴클리프",3,2,2,NA,"하수인","도적"
"534","에테리얼 행상인",5,5,6,NA,"하수인","도적"
"535","역병 과학자",3,2,3,NA,"하수인","도적"
"536","연꽃 자객",5,5,5,NA,"하수인","도적"
"537","연발 칼날꽃잎",2,NA,NA,NA,"주문","도적"
"538","위장의 대가",4,4,4,NA,"하수인","도적"
"539","위조된 동전",0,NA,NA,NA,"주문","도적"
"540","유령 강탈자",6,5,5,NA,"하수인","도적"
"541","이교도 칼잡이",1,1,2,NA,"하수인","도적"
"542","전력 질주",7,NA,NA,NA,"주문","도적"
"543","전멸의 비수",3,2,2,NA,"하수인","도적"
"544","절개",2,NA,NA,NA,"주문","도적"
"545","지하 동굴",1,NA,NA,NA,"주문","도적"
"546","착취 독",2,NA,NA,NA,"주문","도적"
"547","치명적인 포크",3,3,2,NA,"하수인","도적"
"548","침착한 암살자",2,1,1,NA,"하수인","도적"
"549","칼날 부채",3,NA,NA,NA,"주문","도적"
"550","칼날꽃잎 덩굴손",2,2,2,NA,"하수인","도적"
"551","칼잡이 강도",1,1,1,NA,"하수인","도적"
"552","크툰의 자객",9,4,4,NA,"하수인","도적"
"553","폭풍의 칼날",4,NA,NA,NA,"주문","도적"
"554","현금 인출",2,NA,NA,NA,"주문","도적"
"555","혼절시키기",2,NA,NA,NA,"주문","도적"
"556","환상",1,NA,NA,NA,"주문","도적"
"557","환영자객 발리라",9,NA,5,NA,"주문","도적"
"558","흉내쟁이 깍지",3,NA,NA,NA,"주문","도적"
"559","흑요석 파편",4,3,3,NA,"하수인","도적"
"560","가시가 돋친 탈것",6,NA,NA,NA,"주문","성기사"
"561","검은경비병",6,3,9,NA,"하수인","성기사"
"562","겸손",1,NA,NA,NA,"주문","성기사"
"563","고귀한 희생",1,NA,NA,NA,"주문","성기사"
"564","공룡의 몸집",8,NA,NA,NA,"주문","성기사"
"565","구원",1,NA,NA,NA,"주문","성기사"
"566","금단의 치유술",0,NA,NA,NA,"주문","성기사"
"567","길 잃은 신병들",1,NA,NA,NA,"주문","성기사"
"568","눈에는 눈",1,NA,NA,NA,"주문","성기사"
"569","마지막 칼라이도사우루스",1,NA,NA,NA,"주문","성기사"
"570","밀수업자의 일상",1,NA,NA,NA,"주문","성기사"
"571","병력 충원",2,NA,NA,NA,"주문","성기사"
"572","보호의 손길",1,NA,NA,NA,"주문","성기사"
"573","불꽃수염 번브리슬",3,2,2,NA,"하수인","성기사"
"574","불꽃피 볼바르",5,1,7,NA,"하수인","성기사"
"575","비열한 거리 치안대장",1,1,2,NA,"하수인","성기사"
"576","빛의 군주 라그나로스",8,8,8,NA,"하수인","성기사"
"577","빛의 슬픔",4,1,4,NA,"하수인","성기사"
"578","빛의 정의",1,1,4,NA,"하수인","성기사"
"579","빛이 주입된 스테고돈",4,3,4,NA,"하수인","성기사"
"580","상아색 나이트",6,4,4,NA,"하수인","성기사"
"581","성난비늘 불량배",1,2,1,NA,"하수인","성기사"
"582","성스러운 빛",2,NA,NA,NA,"주문","성기사"
"583","수문학자",2,2,2,NA,"하수인","성기사"
"584","신성화",4,NA,NA,NA,"주문","성기사"
"585","신의 격노",5,NA,NA,NA,"주문","성기사"
"586","신의 은총",3,NA,NA,NA,"주문","성기사"
"587","신의 축복",8,NA,NA,NA,"주문","성기사"
"588","신참 고용",3,NA,NA,NA,"주문","성기사"
"589","실버문 차원문",4,NA,NA,NA,"주문","성기사"
"590","싸늘칼날 용사",4,3,2,NA,"하수인","성기사"
"591","썩은지느러미 심문관",1,1,3,NA,"하수인","성기사"
"592","알도르 평화감시단",3,3,3,NA,"하수인","성기사"
"593","어두운 신념",2,NA,NA,NA,"주문","성기사"
"594","어둠 속의 빛",2,NA,NA,NA,"주문","성기사"
"595","어둠골 감시대원",3,3,3,NA,"하수인","성기사"
"596","어둠에 맞서리라",5,NA,NA,NA,"주문","성기사"
"597","여명회 파수병",2,2,2,NA,"하수인","성기사"
"598","오만한 성전사",4,5,2,NA,"하수인","성기사"
"599","왕의 수호자",7,5,6,NA,"하수인","성기사"
"600","왕의 축복",4,NA,NA,NA,"주문","성기사"
"601","용사의 진은검",4,4,2,NA,"하수인","성기사"
"602","울부짖는 사령관",3,2,2,NA,"하수인","성기사"
"603","원시지느러미 용사",2,1,2,NA,"하수인","성기사"
"604","응징의 격노",6,NA,NA,NA,"주문","성기사"
"605","적응",1,NA,NA,NA,"주문","성기사"
"606","정의로운 수호자",1,1,1,NA,"하수인","성기사"
"607","정의의 칼날",3,1,5,NA,"하수인","성기사"
"608","지혜의 축복",1,NA,NA,NA,"주문","성기사"
"609","집결의 검",3,3,2,NA,"하수인","성기사"
"610","참회",1,NA,NA,NA,"주문","성기사"
"611","천벌의 망치",4,NA,NA,NA,"주문","성기사"
"612","천상의 힘",1,NA,NA,NA,"주문","성기사"
"613","축복받은 용사",5,NA,NA,NA,"주문","성기사"
"614","칠흑의 기사단장 우서",9,NA,5,NA,"주문","성기사"
"615","탈출용 코도",1,NA,NA,NA,"주문","성기사"
"616","탐험용 넓적칼",7,4,3,NA,"하수인","성기사"
"617","태양지기 타림",6,3,7,NA,"하수인","성기사"
"618","티리온 폴드링",8,6,6,NA,"하수인","성기사"
"619","파멸의 어둠 기사단원",3,2,3,NA,"하수인","성기사"
"620","평등",2,NA,NA,NA,"주문","성기사"
"621","필사적인 저항",2,NA,NA,NA,"주문","성기사"
"622","헌신적인 영웅",1,2,1,NA,"하수인","성기사"
"623","험악한 거리 경호원",7,6,6,NA,"하수인","성기사"
"624","험악한 거리 만물상",2,1,1,NA,"하수인","성기사"
"625","험악한 거리 집행자",5,4,4,NA,"하수인","성기사"
"626","힘의 축복",1,NA,NA,NA,"주문","성기사"
"627","감염",3,NA,NA,NA,"주문","사냥꾼"
"628","감염된 늑대",4,3,3,NA,"하수인","사냥꾼"
"629","개들을 풀어라",3,NA,NA,NA,"주문","사냥꾼"
"630","거대한 모래 벌레",8,8,8,NA,"하수인","사냥꾼"
"631","검투사의 장궁",7,5,2,NA,"하수인","사냥꾼"
"632","겁먹은 조직원",3,3,3,NA,"하수인","사냥꾼"
"633","고양이 마술",2,NA,NA,NA,"주문","사냥꾼"
"634","고정 사격",2,NA,NA,NA,"주문","사냥꾼"
"635","곰상어",3,4,3,NA,"하수인","사냥꾼"
"636","공룡술",2,NA,NA,NA,"주문","사냥꾼"
"637","공주 후후란",5,6,5,NA,"하수인","사냥꾼"
"638","공포비늘 추적자",3,3,3,NA,"하수인","사냥꾼"
"639","교수 퓨트리사이드",4,5,4,NA,"하수인","사냥꾼"
"640","굶주린 대머리수리",5,3,2,NA,"하수인","사냥꾼"
"641","기워 붙인 추적자",3,2,2,NA,"하수인","사냥꾼"
"642","길고양이",1,1,1,NA,"하수인","사냥꾼"
"643","누더기골렘 궁병",7,6,7,NA,"하수인","사냥꾼"
"644","눈속임",2,NA,NA,NA,"주문","사냥꾼"
"645","늪지의 여왕",1,NA,NA,NA,"주문","사냥꾼"
"646","독사 덫",2,NA,NA,NA,"주문","사냥꾼"
"647","독수리뿔 장궁",3,3,2,NA,"하수인","사냥꾼"
"648","랩터왕 서슬발톱",7,9,9,NA,"하수인","사냥꾼"
"649","망토 두른 여사냥꾼",3,3,4,NA,"하수인","사냥꾼"
"650","맹독 화살",2,NA,NA,NA,"주문","사냥꾼"
"651","밀수업자의 상자",1,NA,NA,NA,"주문","사냥꾼"
"652","배신당한 사육사",3,4,2,NA,"하수인","사냥꾼"
"653","뱀 덫",2,NA,NA,NA,"주문","사냥꾼"
"654","보석 박힌 앵무",1,1,1,NA,"하수인","사냥꾼"
"655","빙결의 덫",2,NA,NA,NA,"주문","사냥꾼"
"656","사냥 시작",1,NA,NA,NA,"주문","사냥꾼"
"657","사냥개조련사",4,4,3,NA,"하수인","사냥꾼"
"658","사냥꾼의 징표",1,NA,NA,NA,"주문","사냥꾼"
"659","사바나 사자",6,6,5,NA,"하수인","사냥꾼"
"660","살상 명령",3,NA,NA,NA,"주문","사냥꾼"
"661","새끼 랩터",1,2,1,NA,"하수인","사냥꾼"
"662","섬광",2,NA,NA,NA,"주문","사냥꾼"
"663","쇄도",1,NA,NA,NA,"주문","사냥꾼"
"664","숨겨둔 보관함",2,NA,NA,NA,"주문","사냥꾼"
"665","습격용 코도",4,2,4,NA,"하수인","사냥꾼"
"666","시체 과부거미",5,4,6,NA,"하수인","사냥꾼"
"667","신비한 사격",1,NA,NA,NA,"주문","사냥꾼"
"668","야생의 벗",3,NA,NA,NA,"주문","사냥꾼"
"669","야생의 부름",9,NA,NA,NA,"주문","사냥꾼"
"670","야수의 격노",1,NA,NA,NA,"주문","사냥꾼"
"671","왕 크루쉬",9,8,8,NA,"하수인","사냥꾼"
"672","이글거리는 박쥐",1,2,1,NA,"하수인","사냥꾼"
"673","인자한 할머니",2,1,1,NA,"하수인","사냥꾼"
"674","일제 사격",4,NA,NA,NA,"주문","사냥꾼"
"675","저격",2,NA,NA,NA,"주문","사냥꾼"
"676","죽은척!",1,NA,NA,NA,"주문","사냥꾼"
"677","죽음추적자 렉사르",6,NA,5,NA,"주문","사냥꾼"
"678","쥐 떼",3,2,2,NA,"하수인","사냥꾼"
"679","청소부 하이에나",2,2,2,NA,"하수인","사냥꾼"
"680","청소부구더기",3,2,5,NA,"하수인","사냥꾼"
"681","추적",1,NA,NA,NA,"주문","사냥꾼"
"682","치명적인 사격",3,NA,NA,NA,"주문","사냥꾼"
"683","치명적인 이빨",2,NA,NA,NA,"주문","사냥꾼"
"684","톨비르 감시자",5,3,5,NA,"하수인","사냥꾼"
"685","툰드라 코뿔소",5,2,5,NA,"하수인","사냥꾼"
"686","트로그 야수조련사",2,3,2,NA,"하수인","사냥꾼"
"687","파지직거리는 무쇠턱 랩터",2,3,2,NA,"하수인","사냥꾼"
"688","폭발 사격",5,NA,NA,NA,"주문","사냥꾼"
"689","폭발의 덫",2,NA,NA,NA,"주문","사냥꾼"
"690","폭발하는 팽창박쥐",4,2,1,NA,"하수인","사냥꾼"
"691","피라냐 투척기",5,2,4,NA,"하수인","사냥꾼"
"692","핵주먹",5,3,7,NA,"하수인","사냥꾼"
"693","회갈색 늑대",1,1,1,NA,"하수인","사냥꾼"
"694","가로챈 힘",3,NA,NA,NA,"주문","드루이드"
"695","거대한 아나콘다",7,5,3,NA,"하수인","드루이드"
"696","거미줄 짜기",5,NA,NA,NA,"주문","드루이드"
"697","고대 신의 위습",7,NA,NA,NA,"주문","드루이드"
"698","궁극의 역병",10,NA,NA,NA,"주문","드루이드"
"699","금단의 고대정령",1,1,1,NA,"하수인","드루이드"
"700","급속 성장",2,NA,NA,NA,"주문","드루이드"
"701","껍질술사",4,3,3,NA,"하수인","드루이드"
"702","달빛섬광",0,NA,NA,NA,"주문","드루이드"
"703","달숲 차원문",6,NA,NA,NA,"주문","드루이드"
"704","달의 계시",5,NA,NA,NA,"주문","드루이드"
"705","대지의 비늘",1,NA,NA,NA,"주문","드루이드"
"706","덩치 큰 긴목공룡",3,5,1,NA,"하수인","드루이드"
"707","마력 깃든 까마귀",1,2,2,NA,"하수인","드루이드"
"708","무리의 드루이드",2,1,2,NA,"하수인","드루이드"
"709","무쇠껍질 수호정령",8,8,8,NA,"하수인","드루이드"
"710","물기",4,NA,NA,NA,"주문","드루이드"
"711","밀림의 괴수들",1,NA,NA,NA,"주문","드루이드"
"712","박물관 감시자",6,5,5,NA,"하수인","드루이드"
"713","발톱의 드루이드",5,4,4,NA,"하수인","드루이드"
"714","변신",2,NA,NA,NA,"주문","드루이드"
"715","별똥별",5,NA,NA,NA,"주문","드루이드"
"716","별빛섬광",6,NA,NA,NA,"주문","드루이드"
"717","비취 괴수",6,3,6,NA,"하수인","드루이드"
"718","비취 우상",1,NA,NA,NA,"주문","드루이드"
"719","비취꽃",3,NA,NA,NA,"주문","드루이드"
"720","뾰족니",3,NA,NA,NA,"주문","드루이드"
"721","살아 움직이는 마나",5,NA,NA,NA,"주문","드루이드"
"722","세나리우스",9,5,8,NA,"하수인","드루이드"
"723","수렁의 수호자",4,3,3,NA,"하수인","드루이드"
"724","숲의 수호자",4,2,2,NA,"하수인","드루이드"
"725","숲의 영혼",4,NA,NA,NA,"주문","드루이드"
"726","신록의 긴목공룡",5,5,4,NA,"하수인","드루이드"
"727","야생성",1,NA,NA,NA,"주문","드루이드"
"728","야생의 분노",3,NA,NA,NA,"주문","드루이드"
"729","야생의 징표",2,NA,NA,NA,"주문","드루이드"
"730","야생의 포효",3,NA,NA,NA,"주문","드루이드"
"731","야생의 힘",2,NA,NA,NA,"주문","드루이드"
"732","어둠에 물든 아라코아",6,5,7,NA,"하수인","드루이드"
"733","역병의 드루이드 말퓨리온",7,0,5,NA,"하수인","드루이드"
"734","연꽃의 징표",1,NA,NA,NA,"주문","드루이드"
"735","운명술사",5,5,3,NA,"하수인","드루이드"
"736","육성",5,NA,NA,NA,"주문","드루이드"
"737","이샤라즈의 징표",2,NA,NA,NA,"주문","드루이드"
"738","잊힌 왕 쿤",10,7,7,NA,"하수인","드루이드"
"739","자연의 군대",5,NA,NA,NA,"주문","드루이드"
"740","자연의 징표",3,NA,NA,NA,"주문","드루이드"
"741","자연화",1,NA,NA,NA,"주문","드루이드"
"742","전쟁의 고대정령",7,5,5,NA,"하수인","드루이드"
"743","정신 자극",0,NA,NA,NA,"주문","드루이드"
"744","지식의 고대정령",7,5,5,NA,"하수인","드루이드"
"745","지하군주",3,1,6,NA,"하수인","드루이드"
"746","진화의 포자",4,NA,NA,NA,"주문","드루이드"
"747","천벌",2,NA,NA,NA,"주문","드루이드"
"748","천신의 꿈술사",3,3,3,NA,"하수인","드루이드"
"749","치유의 손길",3,NA,NA,NA,"주문","드루이드"
"750","클락시 호박술사",4,4,5,NA,"하수인","드루이드"
"751","토깽 사부",5,4,5,NA,"하수인","드루이드"
"752","토르톨란 채집꾼",2,2,2,NA,"하수인","드루이드"
"753","튼튼껍질 청소부",4,2,3,NA,"하수인","드루이드"
"754","티란투스",10,12,12,NA,"하수인","드루이드"
"755","판드랄 스태그헬름",4,3,5,NA,"하수인","드루이드"
"756","퍼져나가는 역병",6,NA,NA,NA,"주문","드루이드"
"757","하드로녹스",9,3,7,NA,"하수인","드루이드"
"758","할퀴기",1,NA,NA,NA,"주문","드루이드"
"759","혼란스러운 드루이드",3,2,2,NA,"하수인","드루이드"
"760","휘둘러치기",4,NA,NA,NA,"주문","드루이드"
"761","강제된 희생",3,NA,NA,NA,"주문","흑마법사"
"762","공포의 지옥불정령",6,6,6,NA,"하수인","흑마법사"
"763","공허방랑자",1,1,3,NA,"하수인","흑마법사"
"764","공허의 괴물",3,3,3,NA,"하수인","흑마법사"
"765","군주 자락서스",9,3,1,NA,"하수인","흑마법사"
"766","굶주린 테러닥스",4,4,4,NA,"하수인","흑마법사"
"767","금단의 의식",0,NA,NA,NA,"주문","흑마법사"
"768","난폭한 심연불정령",7,6,6,NA,"하수인","흑마법사"
"769","노움페라투",2,2,3,NA,"하수인","흑마법사"
"770","돌팔이 연금술사",3,5,5,NA,"하수인","흑마법사"
"771","뒤틀린 황천",8,NA,NA,NA,"주문","흑마법사"
"772","딸깍거리는 실리시드",3,3,3,NA,"하수인","흑마법사"
"773","락카리 제물",1,NA,NA,NA,"주문","흑마법사"
"774","락카리 지옥사냥개",4,3,8,NA,"하수인","흑마법사"
"775","말체자르의 임프",1,1,3,NA,"하수인","흑마법사"
"776","모독",2,NA,NA,NA,"주문","흑마법사"
"777","바다아귀 쐐기술사",4,4,2,NA,"하수인","흑마법사"
"778","배반",3,NA,NA,NA,"주문","흑마법사"
"779","부패",1,NA,NA,NA,"주문","흑마법사"
"780","부패의 안개",2,NA,NA,NA,"주문","흑마법사"
"781","비밀결사 밀매자",6,6,6,NA,"하수인","흑마법사"
"782","생명력 전환",2,NA,NA,NA,"주문","흑마법사"
"783","생명력 흡수",3,NA,NA,NA,"주문","흑마법사"
"784","서큐버스",2,4,3,NA,"하수인","흑마법사"
"785","소환의 문",4,0,4,NA,"하수인","흑마법사"
"786","속박 풀린 크룰",9,7,9,NA,"하수인","흑마법사"
"787","수정술사",4,5,4,NA,"하수인","흑마법사"
"788","식기 골렘",3,3,3,NA,"하수인","흑마법사"
"789","악랄한 공포의 군주",5,4,5,NA,"하수인","흑마법사"
"790","악마 감지",3,NA,NA,NA,"주문","흑마법사"
"791","악마의 불꽃",2,NA,NA,NA,"주문","흑마법사"
"792","암흑불길",4,NA,NA,NA,"주문","흑마법사"
"793","어둠골 사서",2,3,2,NA,"하수인","흑마법사"
"794","어둠골 원로원",3,1,5,NA,"하수인","흑마법사"
"795","어둠을 등지다",2,NA,NA,NA,"주문","흑마법사"
"796","어둠의 화살",3,NA,NA,NA,"주문","흑마법사"
"797","여왕 자바스",2,2,2,NA,"하수인","흑마법사"
"798","영혼 착취",6,NA,NA,NA,"주문","흑마법사"
"799","영혼 흡수",2,NA,NA,NA,"주문","흑마법사"
"800","영혼의 불꽃",1,NA,NA,NA,"주문","흑마법사"
"801","운명의 파멸",5,NA,NA,NA,"주문","흑마법사"
"802","울부짖는 마귀",3,3,6,NA,"하수인","흑마법사"
"803","잔혹한 공룡술사",6,5,5,NA,"하수인","흑마법사"
"804","잿멍울 잠복꾼",5,1,7,NA,"하수인","흑마법사"
"805","저승의 안내인",5,5,6,NA,"하수인","흑마법사"
"806","지배당한 주민",1,1,1,NA,"하수인","흑마법사"
"807","지옥불!",2,NA,NA,NA,"주문","흑마법사"
"808","지옥불꽃 물약",6,NA,NA,NA,"주문","흑마법사"
"809","지옥수호병",3,3,5,NA,"하수인","흑마법사"
"810","지옥의 군주",4,5,6,NA,"하수인","흑마법사"
"811","지옥의 불길",4,NA,NA,NA,"주문","흑마법사"
"812","초갈",7,7,7,NA,"하수인","흑마법사"
"813","카라 카잠!",5,NA,NA,NA,"주문","흑마법사"
"814","파멸!",10,NA,NA,NA,"주문","흑마법사"
"815","파멸수호병",5,5,7,NA,"하수인","흑마법사"
"816","퍼져가는 광기",3,NA,NA,NA,"주문","흑마법사"
"817","포식",5,NA,NA,NA,"주문","흑마법사"
"818","폭발성 수정 물약",4,NA,NA,NA,"주문","흑마법사"
"819","피의 여왕 라나텔",5,1,6,NA,"하수인","흑마법사"
"820","피의 임프",1,0,1,NA,"하수인","흑마법사"
"821","필멸의 고리",1,NA,NA,NA,"주문","흑마법사"
"822","핏빛 하객",1,1,1,NA,"하수인","흑마법사"
"823","핏빛꽃",2,NA,NA,NA,"주문","흑마법사"
"824","핏빛약탈자 굴단",10,NA,5,NA,"주문","흑마법사"
"825","혈폭풍 물약",3,NA,NA,NA,"주문","흑마법사"
"826","화염 임프",1,3,2,NA,"하수인","흑마법사"
"827","희생의 서약",0,NA,NA,NA,"주문","흑마법사"
"828","거울상",3,NA,NA,NA,"주문","마법사"
"829","고대 차원문 개방",1,NA,NA,NA,"주문","마법사"
"830","금단의 불꽃",0,NA,NA,NA,"주문","마법사"
"831","나불대는 책",1,1,1,NA,"하수인","마법사"
"832","냉기 돌풍",4,NA,NA,NA,"주문","마법사"
"833","냉기술사",5,5,5,NA,"하수인","마법사"
"834","녹아내린 환영",4,NA,NA,NA,"주문","마법사"
"835","눈보라",6,NA,NA,NA,"주문","마법사"
"836","대마법사 안토니다스",7,5,7,NA,"하수인","마법사"
"837","리치 여왕 제이나",9,0,5,NA,"하수인","마법사"
"838","마나 결속",3,NA,NA,NA,"주문","마법사"
"839","마나 지룡",1,1,3,NA,"하수인","마법사"
"840","마법 차단",3,NA,NA,NA,"주문","마법사"
"841","마술사의 수습생",2,3,2,NA,"하수인","마법사"
"842","메디브의 하인",2,2,3,NA,"하수인","마법사"
"843","모사",3,NA,NA,NA,"주문","마법사"
"844","문신사 솔리아",7,5,5,NA,"하수인","마법사"
"845","물의 정령",4,3,6,NA,"하수인","마법사"
"846","변이",4,NA,NA,NA,"주문","마법사"
"847","변이 물약",3,NA,NA,NA,"주문","마법사"
"848","불가사의한 빙하",8,NA,NA,NA,"주문","마법사"
"849","불기둥",7,NA,NA,NA,"주문","마법사"
"850","불덩이 작렬",10,NA,NA,NA,"주문","마법사"
"851","불사조 파이로스",2,2,2,NA,"하수인","마법사"
"852","불의 땅 차원문",7,NA,NA,NA,"주문","마법사"
"853","비밀결사 수정배달부",6,5,5,NA,"하수인","마법사"
"854","비밀결사 졸개",1,2,1,NA,"하수인","마법사"
"855","비전학자",2,2,3,NA,"하수인","마법사"
"856","산산조각",2,NA,NA,NA,"주문","마법사"
"857","상급 신비한 화살",7,NA,NA,NA,"주문","마법사"
"858","서리 망령",3,3,4,NA,"하수인","마법사"
"859","섬뜩한 창조술사",4,2,6,NA,"하수인","마법사"
"860","쇄도하는 증기 정령",4,5,4,NA,"하수인","마법사"
"861","신드라고사",8,8,8,NA,"하수인","마법사"
"862","신드라고사의 숨결",1,NA,NA,NA,"주문","마법사"
"863","신비술사의 고서",5,NA,NA,NA,"주문","마법사"
"864","신비한 지능",3,NA,NA,NA,"주문","마법사"
"865","신비한 폭발",2,NA,NA,NA,"주문","마법사"
"866","신비한 화살",1,NA,NA,NA,"주문","마법사"
"867","아노말루스",8,8,6,NA,"하수인","마법사"
"868","얼굴 없는 소환사",6,5,5,NA,"하수인","마법사"
"869","얼어붙은 분신",3,NA,NA,NA,"주문","마법사"
"870","얼음 방패",3,NA,NA,NA,"주문","마법사"
"871","얼음 보호막",3,NA,NA,NA,"주문","마법사"
"872","얼음 화살",2,NA,NA,NA,"주문","마법사"
"873","얼음 회오리",3,NA,NA,NA,"주문","마법사"
"874","얼음방랑자",2,1,3,NA,"하수인","마법사"
"875","에테리얼 비전술사",4,3,3,NA,"하수인","마법사"
"876","요그사론의 종복",5,5,4,NA,"하수인","마법사"
"877","유성",6,NA,NA,NA,"주문","마법사"
"878","이교도 마법사",2,3,2,NA,"하수인","마법사"
"879","이성을 잃은 영혼술사",3,3,4,NA,"하수인","마법사"
"880","정신 나간 서리술사",4,2,4,NA,"하수인","마법사"
"881","주문왜곡사",3,NA,NA,NA,"주문","마법사"
"882","증발시키기",3,NA,NA,NA,"주문","마법사"
"883","키린 토 마법사",3,4,3,NA,"하수인","마법사"
"884","태고의 문양",2,NA,NA,NA,"주문","마법사"
"885","파멸의 수습생",3,3,2,NA,"하수인","마법사"
"886","혹한의 물약",0,NA,NA,NA,"주문","마법사"
"887","화산 물약",3,NA,NA,NA,"주문","마법사"
"888","화염 분출",2,NA,NA,NA,"주문","마법사"
"889","화염 작렬",2,NA,NA,NA,"주문","마법사"
"890","화염구",4,NA,NA,NA,"주문","마법사"
"891","환영 복제",1,NA,NA,NA,"주문","마법사"
"892","황혼의 불꽃소환사",3,2,2,NA,"하수인","마법사"
"893","흐린빛 폭풍정령",2,2,1,NA,"하수인","사제"
"894","결속의 치유",1,NA,NA,NA,"주문","사제"
"895","고뇌의 수행사제",3,3,3,NA,"하수인","사제"
"896","광기의 물약",1,NA,NA,NA,"주문","사제"
"897","광명의 정령",2,2,3,NA,"하수인","사제"
"898","금단의 창조술",0,NA,NA,NA,"주문","사제"
"899","깨어난 창조주",1,NA,NA,NA,"주문","사제"
"900","내면의 열정",1,NA,NA,NA,"주문","사제"
"901","대규모 무효화",4,NA,NA,NA,"주문","사제"
"902","대주교 베네딕투스",7,4,6,NA,"하수인","사제"
"903","두건 쓴 수행사제",4,3,6,NA,"하수인","사제"
"904","마나 정동석",2,2,3,NA,"하수인","사제"
"905","마음의 눈",1,NA,NA,NA,"주문","사제"
"906","만찬의 사제",4,3,6,NA,"하수인","사제"
"907","변화무쌍한 망령",4,4,3,NA,"하수인","사제"
"908","북녘골 성직자",1,1,3,NA,"하수인","사제"
"909","비밀결사 갈퀴사제",3,3,4,NA,"하수인","사제"
"910","비밀결사 노래도둑",5,5,5,NA,"하수인","사제"
"911","비밀결사단 어둠사제",6,4,5,NA,"하수인","사제"
"912","빛샘",2,0,5,NA,"하수인","사제"
"913","빛의 정령",4,0,5,NA,"하수인","사제"
"914","사원 집행자",6,6,6,NA,"하수인","사제"
"915","사자 볼라즈",6,5,5,NA,"하수인","사제"
"916","상급 치유 물약",4,NA,NA,NA,"주문","사제"
"917","생각 삼키기",5,NA,NA,NA,"주문","사제"
"918","생각 훔치기",3,NA,NA,NA,"주문","사제"
"919","성스러운 일격",1,NA,NA,NA,"주문","사제"
"920","속박된 라자",5,5,5,NA,"하수인","사제"
"921","수정 예언자",1,1,1,NA,"하수인","사제"
"922","신기루 소환사",3,2,3,NA,"하수인","사제"
"923","신성한 불꽃",6,NA,NA,NA,"주문","사제"
"924","신성한 폭발",5,NA,NA,NA,"주문","사제"
"925","신의 권능: 보호막",1,NA,NA,NA,"주문","사제"
"926","신의 권능: 촉수",5,NA,NA,NA,"주문","사제"
"927","심리 조작",4,NA,NA,NA,"주문","사제"
"928","아키나이 영혼사제",4,3,5,NA,"하수인","사제"
"929","암흑사신 안두인",8,NA,5,NA,"주문","사제"
"930","암흑의 광기",4,NA,NA,NA,"주문","사제"
"931","암흑의 승천자",2,2,2,NA,"하수인","사제"
"932","암흑의 정수",6,NA,NA,NA,"주문","사제"
"933","암흑의 환영",2,NA,NA,NA,"주문","사제"
"934","어둠골 연금술사",5,4,5,NA,"하수인","사제"
"935","어둠을 받아들여라",2,NA,NA,NA,"주문","사제"
"936","어둠의 권능: 고통",2,NA,NA,NA,"주문","사제"
"937","어둠의 권능: 공포",4,NA,NA,NA,"주문","사제"
"938","어둠의 권능: 죽음",3,NA,NA,NA,"주문","사제"
"939","어둠의 은총",6,NA,NA,NA,"주문","사제"
"940","어둠의 형상",3,NA,NA,NA,"주문","사제"
"941","영원한 족쇄",4,NA,NA,NA,"주문","사제"
"942","영혼 채찍",2,NA,NA,NA,"주문","사제"
"943","예언자 벨렌",7,7,7,NA,"하수인","사제"
"944","용기병 비밀요원",5,5,6,NA,"하수인","사제"
"945","용숨결 물약",6,NA,NA,NA,"주문","사제"
"946","정신 분열",2,NA,NA,NA,"주문","사제"
"947","정신 붕괴",2,NA,NA,NA,"주문","사제"
"948","정신 지배",10,NA,NA,NA,"주문","사제"
"949","정신의 쐐기",2,NA,NA,NA,"주문","사제"
"950","정화",2,NA,NA,NA,"주문","사제"
"951","천상의 정신",2,NA,NA,NA,"주문","사제"
"952","축소 물약",1,NA,NA,NA,"주문","사제"
"953","치유의 마법진",0,NA,NA,NA,"주문","사제"
"954","칠흑색 비숍",5,3,4,NA,"하수인","사제"
"955","침묵",0,NA,NA,NA,"주문","사제"
"956","태양의 후예 라이라",5,3,5,NA,"하수인","사제"
"957","토르톨란 껍질방패병",4,2,6,NA,"하수인","사제"
"958","하급 치유",2,NA,NA,NA,"주문","사제"
"959","호기심 많은 미명뿌리",3,3,3,NA,"하수인","사제"
"960","호박석 속의 괴수",8,NA,NA,NA,"주문","사제"
"961","황혼의 암흑치유사",5,6,5,NA,"하수인","사제"
"962","흑요석 석상",9,4,8,NA,"하수인","사제"
